Workbook

Sheet Sayfa1

Sheet 01
A1: EUROPOWER SCADA SAATLİK GES ÜRETİM TABLOSU
A3: SAAT | B3: TR1 | C3: TR2 | D3: TR3 | E3: TR4 | F3: TR5 | G3: TR6 | H3: TR7 | I3: TR8 | J3: TR9 | K3: TR10 | L3: TR11 | M3: TR12 | N3: TR13 | O3: TR14 | P3: TR15 | Q3: TR16 | R3: TR17 | S3: TOPLAM ÜRETİM (kWh) | T3: IŞINIM (w/m2) | U3: PERFORMANS (%)
A4: 0 | B4: 0 | C4: 0 | D4: 0 | E4: 0 | F4: 0 | G4: 0 | H4: 0 | I4: 0 | J4: 0 | K4: 0 | L4: 0 | M4: 0 | N4: 0 | O4: 0 | P4: 0 | Q4: 0 | R4: 0 | S4: =SUM(B4:R4) -> 0 | T4: 0 | U4: 0
A5: 0.041666667 | B5: 0 | C5: 0 | D5: 0 | E5: 0 | F5: 0 | G5: 0 | H5: 0 | I5: 0 | J5: 0 | K5: 0 | L5: 0 | M5: 0 | N5: 0 | O5: 0 | P5: 0 | Q5: 0 | R5: 0 | S5: =SUM(B5:R5) -> 0 | T5: 0 | U5: 0
A6: 0.083333333 | B6: 0 | C6: 0 | D6: 0 | E6: 0 | F6: 0 | G6: 0 | H6: 0 | I6: 0 | J6: 0 | K6: 0 | L6: 0 | M6: 0 | N6: 0 | O6: 0 | P6: 0 | Q6: 0 | R6: 0 | S6: =SUM(B6:R6) -> 0 | T6: 0 | U6: 0
A7: 0.125 | B7: 0 | C7: 0 | D7: 0 | E7: 0 | F7: 0 | G7: 0 | H7: 0 | I7: 0 | J7: 0 | K7: 0 | L7: 0 | M7: 0 | N7: 0 | O7: 0 | P7: 0 | Q7: 0 | R7: 0 | S7: =SUM(B7:R7) -> 0 | T7: 0 | U7: 0
A8: 0.16666667 | B8: 0 | C8: 0 | D8: 0 | E8: 0 | F8: 0 | G8: 0 | H8: 0 | I8: 0 | J8: 0 | K8: 0 | L8: 0 | M8: 0 | N8: 0 | O8: 0 | P8: 0 | Q8: 0 | R8: 0 | S8: =SUM(B8:R8) -> 0 | T8: 0 | U8: 0
A9: 0.20833333 | B9: 0 | C9: 0 | D9: 0 | E9: 0 | F9: 0 | G9: 0 | H9: 0 | I9: 0 | J9: 0 | K9: 0 | L9: 0 | M9: 0 | N9: 0 | O9: 0 | P9: 0 | Q9: 0 | R9: 0 | S9: =SUM(B9:R9) -> 0 | T9: 0 | U9: 0
A10: 0.25 | B10: 0 | C10: 0 | D10: 0 | E10: 0 | F10: 0 | G10: 0 | H10: 0 | I10: 0 | J10: 0 | K10: 0 | L10: 0 | M10: 0 | N10: 0 | O10: 0 | P10: 0 | Q10: 0 | R10: 0 | S10: =SUM(B10:R10) -> 0 | T10: 0 | U10: 0
A11: 0.29166667 | B11: 101.9 | C11: 101.3 | D11: 105 | E11: 100.7 | F11: 103 | G11: 102.1 | H11: 103.4 | I11: 101.8 | J11: 100.7 | K11: 104.4 | L11: 104.3 | M11: 112 | N11: 102.2 | O11: 100.4 | P11: 100.5 | Q11: 102 | R11: 100.3 | S11: =SUM(B11:R11) -> 1746 | T11: 45.9 | U11: 73.7
A12: 0.33333333 | B12: 1305.4 | C12: 1104.8 | D12: 1005.7 | E12: 1206.8 | F12: 902.3 | G12: 1408.2 | H12: 1104 | I12: 1003.2 | J12: 1207.4 | K12: 1105 | L12: 1006.7 | M12: 1105 | N12: 1105.9 | O12: 1004.8 | P12: 903.2 | Q12: 904 | R12: 1003.8 | S12: =SUM(B12:R12) -> 18386.2 | T12: 389.6 | U12: 78.1
A13: 0.375 | B13: 501.2 | C13: 501.2 | D13: 500.3 | E13: 501.4 | F13: 400.9 | G13: 601.2 | H13: 500.6 | I13: 601.6 | J13: 501 | K13: 501.4 | L13: 501.6 | M13: 500.4 | N13: 600.9 | O13: 501.4 | P13: 500.2 | Q13: 500.8 | R13: 502 | S13: =SUM(B13:R13) -> 8718.1 | T13: 293.5 | U13: 78.6
A14: 0.41666667 | B14: 501.1 | C14: 501 | D14: 400.3 | E14: 500.6 | F14: 400.5 | G14: 400.6 | H14: 400.6 | I14: 400.7 | J14: 501.2 | K14: 400.6 | L14: 401.1 | M14: 501.3 | N14: 400.2 | O14: 401 | P14: 400.6 | Q14: 400.9 | R14: 501.3 | S14: =SUM(B14:R14) -> 7413.6 | T14: 144.7 | U14: 92
A15: 0.45833333 | B15: 400.6 | C15: 300.4 | D15: 400.6 | E15: 400.4 | F15: 300 | G15: 500.4 | H15: 400.3 | I15: 400.7 | J15: 300.2 | K15: 400.5 | L15: 300.6 | M15: 300.1 | N15: 501.1 | O15: 400.2 | P15: 300.3 | Q15: 400.1 | R15: 300.2 | S15: =SUM(B15:R15) -> 6306.7 | T15: 97 | U15: 94.1
... A27: 0.95833333 | B27: 0 | C27: 0 | D27: 0 | E27: 0 | F27: 0 | G27: 0 | H27: 0 | I27: 0 | J27: 0 | K27: 0 | L27: 0 | M27: 0 | N27: 0 | O27: 0 | P27: 0 | Q27: 0 | R27: 0 | S27: =SUM(B27:R27) -> 0 | T27: 0 | U27: 0
A28: 0 | S28: =SUM(B28:R28) -> 0
A29: TOPLAM (kWh) | B29: =SUM(B4:B28) -> 4252.5 | C29: =SUM(C4:C28) -> 3965.9 | D29: =SUM(D4:D28) -> 3860.9 | E29: =SUM(E4:E28) -> 4159.9 | F29: =SUM(F4:F28) -> 3300.4 | G29: =SUM(G4:G28) -> 4511.5 | H29: =SUM(H4:H28) -> 3890.8 | I29: =SUM(I4:I28) -> 4149.1 | ... R29: =SUM(R4:R28) -> 3841.4 | S29: =SUM(B29:R29) -> 66744.3

Sheet 02
A1: EUROPOWER SCADA SAATLİK GES ÜRETİM TABLOSU
A3: SAAT | B3: TR1 | C3: TR2 | D3: TR3 | E3: TR4 | F3: TR5 | G3: TR6 | H3: TR7 | I3: TR8 | J3: TR9 | K3: TR10 | L3: TR11 | M3: TR12 | N3: TR13 | O3: TR14 | P3: TR15 | Q3: TR16 | R3: TR17 | S3: TOPLAM ÜRETİM (kWh) | T3: IŞINIM (w/m2) | U3: PERFORMANS (%)
A4: 0 | S4: =SUM(B4:R4) -> 0
A5: 0.041666667 | S5: =SUM(B5:R5) -> 0
A6: 0.083333333 | S6: =SUM(B6:R6) -> 0
A7: 0.125 | S7: =SUM(B7:R7) -> 0
A8: 0.16666667 | S8: =SUM(B8:R8) -> 0
A9: 0.20833333 | S9: =SUM(B9:R9) -> 0
A10: 0.25 | S10: =SUM(B10:R10) -> 0
A11: 0.29166667 | S11: =SUM(B11:R11) -> 0
A12: 0.33333333 | S12: =SUM(B12:R12) -> 0
A13: 0.375 | S13: =SUM(B13:R13) -> 0
A14: 0.41666667 | S14: =SUM(B14:R14) -> 0
A15: 0.45833333 | S15: =SUM(B15:R15) -> 0
... A28: 0 | S28: =SUM(B28:R28) -> 0
A29: TOPLAM (kWh) | B29: =SUM(B4:B28) -> 0 | C29: =SUM(C4:C28) -> 0 | D29: =SUM(D4:D28) -> 0 | E29: =SUM(E4:E28) -> 0 | F29: =SUM(F4:F28) -> 0 | G29: =SUM(G4:G28) -> 0 | H29: =SUM(H4:H28) -> 0 | I29: =SUM(I4:I28) -> 0 | ... R29: =SUM(R4:R28) -> 0 | S29: =SUM(B29:R29) -> 0

Sheet 03
A1: EUROPOWER SCADA SAATLİK GES ÜRETİM TABLOSU
A3: SAAT | B3: TR1 | C3: TR2 | D3: TR3 | E3: TR4 | F3: TR5 | G3: TR6 | H3: TR7 | I3: TR8 | J3: TR9 | K3: TR10 | L3: TR11 | M3: TR12 | N3: TR13 | O3: TR14 | P3: TR15 | Q3: TR16 | R3: TR17 | S3: TOPLAM ÜRETİM (kWh) | T3: IŞINIM (w/m2) | U3: PERFORMANS (%)
A4: 0 | S4: =SUM(B4:R4) -> 0
A5: 0.041666667 | S5: =SUM(B5:R5) -> 0
A6: 0.083333333 | S6: =SUM(B6:R6) -> 0
A7: 0.125 | S7: =SUM(B7:R7) -> 0
A8: 0.16666667 | S8: =SUM(B8:R8) -> 0
A9: 0.20833333 | S9: =SUM(B9:R9) -> 0
A10: 0.25 | S10: =SUM(B10:R10) -> 0
A11: 0.29166667 | S11: =SUM(B11:R11) -> 0
A12: 0.33333333 | S12: =SUM(B12:R12) -> 0
A13: 0.375 | S13: =SUM(B13:R13) -> 0
A14: 0.41666667 | S14: =SUM(B14:R14) -> 0
A15: 0.45833333 | S15: =SUM(B15:R15) -> 0
... A28: 0 | S28: =SUM(B28:R28) -> 0
A29: TOPLAM (kWh) | B29: =SUM(B4:B28) -> 0 | C29: =SUM(C4:C28) -> 0 | D29: =SUM(D4:D28) -> 0 | E29: =SUM(E4:E28) -> 0 | F29: =SUM(F4:F28) -> 0 | G29: =SUM(G4:G28) -> 0 | H29: =SUM(H4:H28) -> 0 | I29: =SUM(I4:I28) -> 0 | ... R29: =SUM(R4:R28) -> 0 | S29: =SUM(B29:R29) -> 0

Sheet 04
A1: EUROPOWER SCADA SAATLİK GES ÜRETİM TABLOSU
A3: SAAT | B3: TR1 | C3: TR2 | D3: TR3 | E3: TR4 | F3: TR5 | G3: TR6 | H3: TR7 | I3: TR8 | J3: TR9 | K3: TR10 | L3: TR11 | M3: TR12 | N3: TR13 | O3: TR14 | P3: TR15 | Q3: TR16 | R3: TR17 | S3: TOPLAM ÜRETİM (kWh) | T3: IŞINIM (w/m2) | U3: PERFORMANS (%)
A4: 0 | S4: =SUM(B4:R4) -> 0
A5: 0.041666667 | S5: =SUM(B5:R5) -> 0
A6: 0.083333333 | S6: =SUM(B6:R6) -> 0
A7: 0.125 | S7: =SUM(B7:R7) -> 0
A8: 0.16666667 | S8: =SUM(B8:R8) -> 0
A9: 0.20833333 | S9: =SUM(B9:R9) -> 0
A10: 0.25 | S10: =SUM(B10:R10) -> 0
A11: 0.29166667 | S11: =SUM(B11:R11) -> 0
A12: 0.33333333 | S12: =SUM(B12:R12) -> 0
A13: 0.375 | S13: =SUM(B13:R13) -> 0
A14: 0.41666667 | S14: =SUM(B14:R14) -> 0
A15: 0.45833333 | S15: =SUM(B15:R15) -> 0
... A28: 0 | S28: =SUM(B28:R28) -> 0
A29: TOPLAM (kWh) | B29: =SUM(B4:B28) -> 0 | C29: =SUM(C4:C28) -> 0 | D29: =SUM(D4:D28) -> 0 | E29: =SUM(E4:E28) -> 0 | F29: =SUM(F4:F28) -> 0 | G29: =SUM(G4:G28) -> 0 | H29: =SUM(H4:H28) -> 0 | I29: =SUM(I4:I28) -> 0 | ... R29: =SUM(R4:R28) -> 0 | S29: =SUM(B29:R29) -> 0

Sheet 05
A1: EUROPOWER SCADA SAATLİK GES ÜRETİM TABLOSU
A3: SAAT | B3: TR1 | C3: TR2 | D3: TR3 | E3: TR4 | F3: TR5 | G3: TR6 | H3: TR7 | I3: TR8 | J3: TR9 | K3: TR10 | L3: TR11 | M3: TR12 | N3: TR13 | O3: TR14 | P3: TR15 | Q3: TR16 | R3: TR17 | S3: TOPLAM ÜRETİM (kWh) | T3: IŞINIM (w/m2) | U3: PERFORMANS (%)
A4: 0 | S4: =SUM(B4:R4) -> 0
A5: 0.041666667 | S5: =SUM(B5:R5) -> 0
A6: 0.083333333 | S6: =SUM(B6:R6) -> 0
A7: 0.125 | S7: =SUM(B7:R7) -> 0
A8: 0.16666667 | S8: =SUM(B8:R8) -> 0
A9: 0.20833333 | S9: =SUM(B9:R9) -> 0
A10: 0.25 | S10: =SUM(B10:R10) -> 0
A11: 0.29166667 | S11: =SUM(B11:R11) -> 0
A12: 0.33333333 | S12: =SUM(B12:R12) -> 0
A13: 0.375 | S13: =SUM(B13:R13) -> 0
A14: 0.41666667 | S14: =SUM(B14:R14) -> 0
A15: 0.45833333 | S15: =SUM(B15:R15) -> 0
... A28: 0 | S28: =SUM(B28:R28) -> 0
A29: TOPLAM (kWh) | B29: =SUM(B4:B28) -> 0 | C29: =SUM(C4:C28) -> 0 | D29: =SUM(D4:D28) -> 0 | E29: =SUM(E4:E28) -> 0 | F29: =SUM(F4:F28) -> 0 | G29: =SUM(G4:G28) -> 0 | H29: =SUM(H4:H28) -> 0 | I29: =SUM(I4:I28) -> 0 | ... R29: =SUM(R4:R28) -> 0 | S29: =SUM(B29:R29) -> 0

Sheet 06
A1: EUROPOWER SCADA SAATLİK GES ÜRETİM TABLOSU
A3: SAAT | B3: TR1 | C3: TR2 | D3: TR3 | E3: TR4 | F3: TR5 | G3: TR6 | H3: TR7 | I3: TR8 | J3: TR9 | K3: TR10 | L3: TR11 | M3: TR12 | N3: TR13 | O3: TR14 | P3: TR15 | Q3: TR16 | R3: TR17 | S3: TOPLAM ÜRETİM (kWh) | T3: IŞINIM (w/m2) | U3: PERFORMANS (%)
A4: 0 | S4: =SUM(B4:R4) -> 0
A5: 0.041666667 | S5: =SUM(B5:R5) -> 0
A6: 0.083333333 | S6: =SUM(B6:R6) -> 0
A7: 0.125 | S7: =SUM(B7:R7) -> 0
A8: 0.16666667 | S8: =SUM(B8:R8) -> 0
A9: 0.20833333 | S9: =SUM(B9:R9) -> 0
A10: 0.25 | S10: =SUM(B10:R10) -> 0
A11: 0.29166667 | S11: =SUM(B11:R11) -> 0
A12: 0.33333333 | S12: =SUM(B12:R12) -> 0
A13: 0.375 | S13: =SUM(B13:R13) -> 0
A14: 0.41666667 | S14: =SUM(B14:R14) -> 0
A15: 0.45833333 | S15: =SUM(B15:R15) -> 0
... A28: 0 | S28: =SUM(B28:R28) -> 0
A29: TOPLAM (kWh) | B29: =SUM(B4:B28) -> 0 | C29: =SUM(C4:C28) -> 0 | D29: =SUM(D4:D28) -> 0 | E29: =SUM(E4:E28) -> 0 | F29: =SUM(F4:F28) -> 0 | G29: =SUM(G4:G28) -> 0 | H29: =SUM(H4:H28) -> 0 | I29: =SUM(I4:I28) -> 0 | ... R29: =SUM(R4:R28) -> 0 | S29: =SUM(B29:R29) -> 0

Sheet 07
A1: EUROPOWER SCADA SAATLİK GES ÜRETİM TABLOSU
A3: SAAT | B3: TR1 | C3: TR2 | D3: TR3 | E3: TR4 | F3: TR5 | G3: TR6 | H3: TR7 | I3: TR8 | J3: TR9 | K3: TR10 | L3: TR11 | M3: TR12 | N3: TR13 | O3: TR14 | P3: TR15 | Q3: TR16 | R3: TR17 | S3: TOPLAM ÜRETİM (kWh) | T3: IŞINIM (w/m2) | U3: PERFORMANS (%)
A4: 0 | S4: =SUM(B4:R4) -> 0
A5: 0.041666667 | S5: =SUM(B5:R5) -> 0
A6: 0.083333333 | S6: =SUM(B6:R6) -> 0
A7: 0.125 | S7: =SUM(B7:R7) -> 0
A8: 0.16666667 | S8: =SUM(B8:R8) -> 0
A9: 0.20833333 | S9: =SUM(B9:R9) -> 0
A10: 0.25 | S10: =SUM(B10:R10) -> 0
A11: 0.29166667 | S11: =SUM(B11:R11) -> 0
A12: 0.33333333 | S12: =SUM(B12:R12) -> 0
A13: 0.375 | S13: =SUM(B13:R13) -> 0
A14: 0.41666667 | S14: =SUM(B14:R14) -> 0
A15: 0.45833333 | S15: =SUM(B15:R15) -> 0
... A28: 0 | S28: =SUM(B28:R28) -> 0
A29: TOPLAM (kWh) | B29: =SUM(B4:B28) -> 0 | C29: =SUM(C4:C28) -> 0 | D29: =SUM(D4:D28) -> 0 | E29: =SUM(E4:E28) -> 0 | F29: =SUM(F4:F28) -> 0 | G29: =SUM(G4:G28) -> 0 | H29: =SUM(H4:H28) -> 0 | I29: =SUM(I4:I28) -> 0 | ... R29: =SUM(R4:R28) -> 0 | S29: =SUM(B29:R29) -> 0

Sheet 08
A1: EUROPOWER SCADA SAATLİK GES ÜRETİM TABLOSU
A3: SAAT | B3: TR1 | C3: TR2 | D3: TR3 | E3: TR4 | F3: TR5 | G3: TR6 | H3: TR7 | I3: TR8 | J3: TR9 | K3: TR10 | L3: TR11 | M3: TR12 | N3: TR13 | O3: TR14 | P3: TR15 | Q3: TR16 | R3: TR17 | S3: TOPLAM ÜRETİM (kWh) | T3: IŞINIM (w/m2) | U3: PERFORMANS (%)
A4: 0 | S4: =SUM(B4:R4) -> 0
A5: 0.041666667 | S5: =SUM(B5:R5) -> 0
A6: 0.083333333 | S6: =SUM(B6:R6) -> 0
A7: 0.125 | S7: =SUM(B7:R7) -> 0
A8: 0.16666667 | S8: =SUM(B8:R8) -> 0
A9: 0.20833333 | S9: =SUM(B9:R9) -> 0
A10: 0.25 | S10: =SUM(B10:R10) -> 0
A11: 0.29166667 | S11: =SUM(B11:R11) -> 0
A12: 0.33333333 | S12: =SUM(B12:R12) -> 0
A13: 0.375 | S13: =SUM(B13:R13) -> 0
A14: 0.41666667 | S14: =SUM(B14:R14) -> 0
A15: 0.45833333 | S15: =SUM(B15:R15) -> 0
... A28: 0 | S28: =SUM(B28:R28) -> 0
A29: TOPLAM (kWh) | B29: =SUM(B4:B28) -> 0 | C29: =SUM(C4:C28) -> 0 | D29: =SUM(D4:D28) -> 0 | E29: =SUM(E4:E28) -> 0 | F29: =SUM(F4:F28) -> 0 | G29: =SUM(G4:G28) -> 0 | H29: =SUM(H4:H28) -> 0 | I29: =SUM(I4:I28) -> 0 | ... R29: =SUM(R4:R28) -> 0 | S29: =SUM(B29:R29) -> 0

Sheet 09
A1: EUROPOWER SCADA SAATLİK GES ÜRETİM TABLOSU
A3: SAAT | B3: TR1 | C3: TR2 | D3: TR3 | E3: TR4 | F3: TR5 | G3: TR6 | H3: TR7 | I3: TR8 | J3: TR9 | K3: TR10 | L3: TR11 | M3: TR12 | N3: TR13 | O3: TR14 | P3: TR15 | Q3: TR16 | R3: TR17 | S3: TOPLAM ÜRETİM (kWh) | T3: IŞINIM (w/m2) | U3: PERFORMANS (%)
A4: 0 | S4: =SUM(B4:R4) -> 0
A5: 0.041666667 | S5: =SUM(B5:R5) -> 0
A6: 0.083333333 | S6: =SUM(B6:R6) -> 0
A7: 0.125 | S7: =SUM(B7:R7) -> 0
A8: 0.16666667 | S8: =SUM(B8:R8) -> 0
A9: 0.20833333 | S9: =SUM(B9:R9) -> 0
A10: 0.25 | S10: =SUM(B10:R10) -> 0
A11: 0.29166667 | S11: =SUM(B11:R11) -> 0
A12: 0.33333333 | S12: =SUM(B12:R12) -> 0
A13: 0.375 | S13: =SUM(B13:R13) -> 0
A14: 0.41666667 | S14: =SUM(B14:R14) -> 0
A15: 0.45833333 | S15: =SUM(B15:R15) -> 0
... A28: 0 | S28: =SUM(B28:R28) -> 0
A29: TOPLAM (kWh) | B29: =SUM(B4:B28) -> 0 | C29: =SUM(C4:C28) -> 0 | D29: =SUM(D4:D28) -> 0 | E29: =SUM(E4:E28) -> 0 | F29: =SUM(F4:F28) -> 0 | G29: =SUM(G4:G28) -> 0 | H29: =SUM(H4:H28) -> 0 | I29: =SUM(I4:I28) -> 0 | ... R29: =SUM(R4:R28) -> 0 | S29: =SUM(B29:R29) -> 0

Sheet 10
A1: EUROPOWER SCADA SAATLİK GES ÜRETİM TABLOSU
A3: SAAT | B3: TR1 | C3: TR2 | D3: TR3 | E3: TR4 | F3: TR5 | G3: TR6 | H3: TR7 | I3: TR8 | J3: TR9 | K3: TR10 | L3: TR11 | M3: TR12 | N3: TR13 | O3: TR14 | P3: TR15 | Q3: TR16 | R3: TR17 | S3: TOPLAM ÜRETİM (kWh) | T3: IŞINIM (w/m2) | U3: PERFORMANS (%)
A4: 0 | S4: =SUM(B4:R4) -> 0
A5: 0.041666667 | S5: =SUM(B5:R5) -> 0
A6: 0.083333333 | S6: =SUM(B6:R6) -> 0
A7: 0.125 | S7: =SUM(B7:R7) -> 0
A8: 0.16666667 | S8: =SUM(B8:R8) -> 0
A9: 0.20833333 | S9: =SUM(B9:R9) -> 0
A10: 0.25 | S10: =SUM(B10:R10) -> 0
A11: 0.29166667 | S11: =SUM(B11:R11) -> 0
A12: 0.33333333 | S12: =SUM(B12:R12) -> 0
A13: 0.375 | S13: =SUM(B13:R13) -> 0
A14: 0.41666667 | S14: =SUM(B14:R14) -> 0
A15: 0.45833333 | S15: =SUM(B15:R15) -> 0
... A28: 0 | S28: =SUM(B28:R28) -> 0
A29: TOPLAM (kWh) | B29: =SUM(B4:B28) -> 0 | C29: =SUM(C4:C28) -> 0 | D29: =SUM(D4:D28) -> 0 | E29: =SUM(E4:E28) -> 0 | F29: =SUM(F4:F28) -> 0 | G29: =SUM(G4:G28) -> 0 | H29: =SUM(H4:H28) -> 0 | I29: =SUM(I4:I28) -> 0 | ... R29: =SUM(R4:R28) -> 0 | S29: =SUM(B29:R29) -> 0

Sheet 11
A1: EUROPOWER SCADA SAATLİK GES ÜRETİM TABLOSU
A3: SAAT | B3: TR1 | C3: TR2 | D3: TR3 | E3: TR4 | F3: TR5 | G3: TR6 | H3: TR7 | I3: TR8 | J3: TR9 | K3: TR10 | L3: TR11 | M3: TR12 | N3: TR13 | O3: TR14 | P3: TR15 | Q3: TR16 | R3: TR17 | S3: TOPLAM ÜRETİM (kWh) | T3: IŞINIM (w/m2) | U3: PERFORMANS (%)
A4: 0 | S4: =SUM(B4:R4) -> 0
A5: 0.041666667 | S5: =SUM(B5:R5) -> 0
A6: 0.083333333 | S6: =SUM(B6:R6) -> 0
A7: 0.125 | S7: =SUM(B7:R7) -> 0
A8: 0.16666667 | S8: =SUM(B8:R8) -> 0
A9: 0.20833333 | S9: =SUM(B9:R9) -> 0
A10: 0.25 | S10: =SUM(B10:R10) -> 0
A11: 0.29166667 | S11: =SUM(B11:R11) -> 0
A12: 0.33333333 | S12: =SUM(B12:R12) -> 0
A13: 0.375 | S13: =SUM(B13:R13) -> 0
A14: 0.41666667 | S14: =SUM(B14:R14) -> 0
A15: 0.45833333 | S15: =SUM(B15:R15) -> 0
... A28: 0 | S28: =SUM(B28:R28) -> 0
A29: TOPLAM (kWh) | B29: =SUM(B4:B28) -> 0 | C29: =SUM(C4:C28) -> 0 | D29: =SUM(D4:D28) -> 0 | E29: =SUM(E4:E28) -> 0 | F29: =SUM(F4:F28) -> 0 | G29: =SUM(G4:G28) -> 0 | H29: =SUM(H4:H28) -> 0 | I29: =SUM(I4:I28) -> 0 | ... R29: =SUM(R4:R28) -> 0 | S29: =SUM(B29:R29) -> 0

Sheet 12
A1: EUROPOWER SCADA SAATLİK GES ÜRETİM TABLOSU
A3: SAAT | B3: TR1 | C3: TR2 | D3: TR3 | E3: TR4 | F3: TR5 | G3: TR6 | H3: TR7 | I3: TR8 | J3: TR9 | K3: TR10 | L3: TR11 | M3: TR12 | N3: TR13 | O3: TR14 | P3: TR15 | Q3: TR16 | R3: TR17 | S3: TOPLAM ÜRETİM (kWh) | T3: IŞINIM (w/m2) | U3: PERFORMANS (%)
A4: 0 | S4: =SUM(B4:R4) -> 0
A5: 0.041666667 | S5: =SUM(B5:R5) -> 0
A6: 0.083333333 | S6: =SUM(B6:R6) -> 0
A7: 0.125 | S7: =SUM(B7:R7) -> 0
A8: 0.16666667 | S8: =SUM(B8:R8) -> 0
A9: 0.20833333 | S9: =SUM(B9:R9) -> 0
A10: 0.25 | S10: =SUM(B10:R10) -> 0
A11: 0.29166667 | S11: =SUM(B11:R11) -> 0
A12: 0.33333333 | S12: =SUM(B12:R12) -> 0
A13: 0.375 | S13: =SUM(B13:R13) -> 0
A14: 0.41666667 | S14: =SUM(B14:R14) -> 0
A15: 0.45833333 | S15: =SUM(B15:R15) -> 0
... A28: 0 | S28: =SUM(B28:R28) -> 0
A29: TOPLAM (kWh) | B29: =SUM(B4:B28) -> 0 | C29: =SUM(C4:C28) -> 0 | D29: =SUM(D4:D28) -> 0 | E29: =SUM(E4:E28) -> 0 | F29: =SUM(F4:F28) -> 0 | G29: =SUM(G4:G28) -> 0 | H29: =SUM(H4:H28) -> 0 | I29: =SUM(I4:I28) -> 0 | ... R29: =SUM(R4:R28) -> 0 | S29: =SUM(B29:R29) -> 0

Sheet 13
A1: EUROPOWER SCADA SAATLİK GES ÜRETİM TABLOSU
A3: SAAT | B3: TR1 | C3: TR2 | D3: TR3 | E3: TR4 | F3: TR5 | G3: TR6 | H3: TR7 | I3: TR8 | J3: TR9 | K3: TR10 | L3: TR11 | M3: TR12 | N3: TR13 | O3: TR14 | P3: TR15 | Q3: TR16 | R3: TR17 | S3: TOPLAM ÜRETİM (kWh) | T3: IŞINIM (w/m2) | U3: PERFORMANS (%)
A4: 0 | S4: =SUM(B4:R4) -> 0
A5: 0.041666667 | S5: =SUM(B5:R5) -> 0
A6: 0.083333333 | S6: =SUM(B6:R6) -> 0
A7: 0.125 | S7: =SUM(B7:R7) -> 0
A8: 0.16666667 | S8: =SUM(B8:R8) -> 0
A9: 0.20833333 | S9: =SUM(B9:R9) -> 0
A10: 0.25 | S10: =SUM(B10:R10) -> 0
A11: 0.29166667 | S11: =SUM(B11:R11) -> 0
A12: 0.33333333 | S12: =SUM(B12:R12) -> 0
A13: 0.375 | S13: =SUM(B13:R13) -> 0
A14: 0.41666667 | S14: =SUM(B14:R14) -> 0
A15: 0.45833333 | S15: =SUM(B15:R15) -> 0
... A28: 0 | S28: =SUM(B28:R28) -> 0
A29: TOPLAM (kWh) | B29: =SUM(B4:B28) -> 0 | C29: =SUM(C4:C28) -> 0 | D29: =SUM(D4:D28) -> 0 | E29: =SUM(E4:E28) -> 0 | F29: =SUM(F4:F28) -> 0 | G29: =SUM(G4:G28) -> 0 | H29: =SUM(H4:H28) -> 0 | I29: =SUM(I4:I28) -> 0 | ... R29: =SUM(R4:R28) -> 0 | S29: =SUM(B29:R29) -> 0

Sheet 14
A1: EUROPOWER SCADA SAATLİK GES ÜRETİM TABLOSU
A3: SAAT | B3: TR1 | C3: TR2 | D3: TR3 | E3: TR4 | F3: TR5 | G3: TR6 | H3: TR7 | I3: TR8 | J3: TR9 | K3: TR10 | L3: TR11 | M3: TR12 | N3: TR13 | O3: TR14 | P3: TR15 | Q3: TR16 | R3: TR17 | S3: TOPLAM ÜRETİM (kWh) | T3: IŞINIM (w/m2) | U3: PERFORMANS (%)
A4: 0 | S4: =SUM(B4:R4) -> 0
A5: 0.041666667 | S5: =SUM(B5:R5) -> 0
A6: 0.083333333 | S6: =SUM(B6:R6) -> 0
A7: 0.125 | S7: =SUM(B7:R7) -> 0
A8: 0.16666667 | S8: =SUM(B8:R8) -> 0
A9: 0.20833333 | S9: =SUM(B9:R9) -> 0
A10: 0.25 | S10: =SUM(B10:R10) -> 0
A11: 0.29166667 | S11: =SUM(B11:R11) -> 0
A12: 0.33333333 | S12: =SUM(B12:R12) -> 0
A13: 0.375 | S13: =SUM(B13:R13) -> 0
A14: 0.41666667 | S14: =SUM(B14:R14) -> 0
A15: 0.45833333 | S15: =SUM(B15:R15) -> 0
... A28: 0 | S28: =SUM(B28:R28) -> 0
A29: TOPLAM (kWh) | B29: =SUM(B4:B28) -> 0 | C29: =SUM(C4:C28) -> 0 | D29: =SUM(D4:D28) -> 0 | E29: =SUM(E4:E28) -> 0 | F29: =SUM(F4:F28) -> 0 | G29: =SUM(G4:G28) -> 0 | H29: =SUM(H4:H28) -> 0 | I29: =SUM(I4:I28) -> 0 | ... R29: =SUM(R4:R28) -> 0 | S29: =SUM(B29:R29) -> 0

Sheet 15
A1: EUROPOWER SCADA SAATLİK GES ÜRETİM TABLOSU
A3: SAAT | B3: TR1 | C3: TR2 | D3: TR3 | E3: TR4 | F3: TR5 | G3: TR6 | H3: TR7 | I3: TR8 | J3: TR9 | K3: TR10 | L3: TR11 | M3: TR12 | N3: TR13 | O3: TR14 | P3: TR15 | Q3: TR16 | R3: TR17 | S3: TOPLAM ÜRETİM (kWh) | T3: IŞINIM (w/m2) | U3: PERFORMANS (%)
A4: 0 | S4: =SUM(B4:R4) -> 0
A5: 0.041666667 | S5: =SUM(B5:R5) -> 0
A6: 0.083333333 | S6: =SUM(B6:R6) -> 0
A7: 0.125 | S7: =SUM(B7:R7) -> 0
A8: 0.16666667 | S8: =SUM(B8:R8) -> 0
A9: 0.20833333 | S9: =SUM(B9:R9) -> 0
A10: 0.25 | S10: =SUM(B10:R10) -> 0
A11: 0.29166667 | S11: =SUM(B11:R11) -> 0
A12: 0.33333333 | S12: =SUM(B12:R12) -> 0
A13: 0.375 | S13: =SUM(B13:R13) -> 0
A14: 0.41666667 | S14: =SUM(B14:R14) -> 0
A15: 0.45833333 | S15: =SUM(B15:R15) -> 0
... A28: 0 | S28: =SUM(B28:R28) -> 0
A29: TOPLAM (kWh) | B29: =SUM(B4:B28) -> 0 | C29: =SUM(C4:C28) -> 0 | D29: =SUM(D4:D28) -> 0 | E29: =SUM(E4:E28) -> 0 | F29: =SUM(F4:F28) -> 0 | G29: =SUM(G4:G28) -> 0 | H29: =SUM(H4:H28) -> 0 | I29: =SUM(I4:I28) -> 0 | ... R29: =SUM(R4:R28) -> 0 | S29: =SUM(B29:R29) -> 0

Sheet 16
A1: EUROPOWER SCADA SAATLİK GES ÜRETİM TABLOSU
A3: SAAT | B3: TR1 | C3: TR2 | D3: TR3 | E3: TR4 | F3: TR5 | G3: TR6 | H3: TR7 | I3: TR8 | J3: TR9 | K3: TR10 | L3: TR11 | M3: TR12 | N3: TR13 | O3: TR14 | P3: TR15 | Q3: TR16 | R3: TR17 | S3: TOPLAM ÜRETİM (kWh) | T3: IŞINIM (w/m2) | U3: PERFORMANS (%)
A4: 0 | S4: =SUM(B4:R4) -> 0
A5: 0.041666667 | S5: =SUM(B5:R5) -> 0
A6: 0.083333333 | S6: =SUM(B6:R6) -> 0
A7: 0.125 | S7: =SUM(B7:R7) -> 0
A8: 0.16666667 | S8: =SUM(B8:R8) -> 0
A9: 0.20833333 | S9: =SUM(B9:R9) -> 0
A10: 0.25 | S10: =SUM(B10:R10) -> 0
A11: 0.29166667 | S11: =SUM(B11:R11) -> 0
A12: 0.33333333 | S12: =SUM(B12:R12) -> 0
A13: 0.375 | S13: =SUM(B13:R13) -> 0
A14: 0.41666667 | S14: =SUM(B14:R14) -> 0
A15: 0.45833333 | S15: =SUM(B15:R15) -> 0
... A28: 0 | S28: =SUM(B28:R28) -> 0
A29: TOPLAM (kWh) | B29: =SUM(B4:B28) -> 0 | C29: =SUM(C4:C28) -> 0 | D29: =SUM(D4:D28) -> 0 | E29: =SUM(E4:E28) -> 0 | F29: =SUM(F4:F28) -> 0 | G29: =SUM(G4:G28) -> 0 | H29: =SUM(H4:H28) -> 0 | I29: =SUM(I4:I28) -> 0 | ... R29: =SUM(R4:R28) -> 0 | S29: =SUM(B29:R29) -> 0

Sheet 17
A1: EUROPOWER SCADA SAATLİK GES ÜRETİM TABLOSU
A3: SAAT | B3: TR1 | C3: TR2 | D3: TR3 | E3: TR4 | F3: TR5 | G3: TR6 | H3: TR7 | I3: TR8 | J3: TR9 | K3: TR10 | L3: TR11 | M3: TR12 | N3: TR13 | O3: TR14 | P3: TR15 | Q3: TR16 | R3: TR17 | S3: TOPLAM ÜRETİM (kWh) | T3: IŞINIM (w/m2) | U3: PERFORMANS (%)
A4: 0 | S4: =SUM(B4:R4) -> 0
A5: 0.041666667 | S5: =SUM(B5:R5) -> 0
A6: 0.083333333 | S6: =SUM(B6:R6) -> 0
A7: 0.125 | S7: =SUM(B7:R7) -> 0
A8: 0.16666667 | S8: =SUM(B8:R8) -> 0
A9: 0.20833333 | S9: =SUM(B9:R9) -> 0
A10: 0.25 | S10: =SUM(B10:R10) -> 0
A11: 0.29166667 | S11: =SUM(B11:R11) -> 0
A12: 0.33333333 | S12: =SUM(B12:R12) -> 0
A13: 0.375 | S13: =SUM(B13:R13) -> 0
A14: 0.41666667 | S14: =SUM(B14:R14) -> 0
A15: 0.45833333 | S15: =SUM(B15:R15) -> 0
... A28: 0 | S28: =SUM(B28:R28) -> 0
A29: TOPLAM (kWh) | B29: =SUM(B4:B28) -> 0 | C29: =SUM(C4:C28) -> 0 | D29: =SUM(D4:D28) -> 0 | E29: =SUM(E4:E28) -> 0 | F29: =SUM(F4:F28) -> 0 | G29: =SUM(G4:G28) -> 0 | H29: =SUM(H4:H28) -> 0 | I29: =SUM(I4:I28) -> 0 | ... R29: =SUM(R4:R28) -> 0 | S29: =SUM(B29:R29) -> 0

Sheet 18
A1: EUROPOWER SCADA SAATLİK GES ÜRETİM TABLOSU
A3: SAAT | B3: TR1 | C3: TR2 | D3: TR3 | E3: TR4 | F3: TR5 | G3: TR6 | H3: TR7 | I3: TR8 | J3: TR9 | K3: TR10 | L3: TR11 | M3: TR12 | N3: TR13 | O3: TR14 | P3: TR15 | Q3: TR16 | R3: TR17 | S3: TOPLAM ÜRETİM (kWh) | T3: IŞINIM (w/m2) | U3: PERFORMANS (%)
A4: 0 | S4: =SUM(B4:R4) -> 0
A5: 0.041666667 | S5: =SUM(B5:R5) -> 0
A6: 0.083333333 | S6: =SUM(B6:R6) -> 0
A7: 0.125 | S7: =SUM(B7:R7) -> 0
A8: 0.16666667 | S8: =SUM(B8:R8) -> 0
A9: 0.20833333 | S9: =SUM(B9:R9) -> 0
A10: 0.25 | S10: =SUM(B10:R10) -> 0
A11: 0.29166667 | S11: =SUM(B11:R11) -> 0
A12: 0.33333333 | S12: =SUM(B12:R12) -> 0
A13: 0.375 | S13: =SUM(B13:R13) -> 0
A14: 0.41666667 | S14: =SUM(B14:R14) -> 0
A15: 0.45833333 | S15: =SUM(B15:R15) -> 0
... A28: 0 | S28: =SUM(B28:R28) -> 0
A29: TOPLAM (kWh) | B29: =SUM(B4:B28) -> 0 | C29: =SUM(C4:C28) -> 0 | D29: =SUM(D4:D28) -> 0 | E29: =SUM(E4:E28) -> 0 | F29: =SUM(F4:F28) -> 0 | G29: =SUM(G4:G28) -> 0 | H29: =SUM(H4:H28) -> 0 | I29: =SUM(I4:I28) -> 0 | ... R29: =SUM(R4:R28) -> 0 | S29: =SUM(B29:R29) -> 0

Sheet 19
A1: EUROPOWER SCADA SAATLİK GES ÜRETİM TABLOSU
A3: SAAT | B3: TR1 | C3: TR2 | D3: TR3 | E3: TR4 | F3: TR5 | G3: TR6 | H3: TR7 | I3: TR8 | J3: TR9 | K3: TR10 | L3: TR11 | M3: TR12 | N3: TR13 | O3: TR14 | P3: TR15 | Q3: TR16 | R3: TR17 | S3: TOPLAM ÜRETİM (kWh) | T3: IŞINIM (w/m2) | U3: PERFORMANS (%)
A4: 0 | S4: =SUM(B4:R4) -> 0
A5: 0.041666667 | S5: =SUM(B5:R5) -> 0
A6: 0.083333333 | S6: =SUM(B6:R6) -> 0
A7: 0.125 | S7: =SUM(B7:R7) -> 0
A8: 0.16666667 | S8: =SUM(B8:R8) -> 0
A9: 0.20833333 | S9: =SUM(B9:R9) -> 0
A10: 0.25 | S10: =SUM(B10:R10) -> 0
A11: 0.29166667 | S11: =SUM(B11:R11) -> 0
A12: 0.33333333 | S12: =SUM(B12:R12) -> 0
A13: 0.375 | S13: =SUM(B13:R13) -> 0
A14: 0.41666667 | S14: =SUM(B14:R14) -> 0
A15: 0.45833333 | S15: =SUM(B15:R15) -> 0
... A28: 0 | S28: =SUM(B28:R28) -> 0
A29: TOPLAM (kWh) | B29: =SUM(B4:B28) -> 0 | C29: =SUM(C4:C28) -> 0 | D29: =SUM(D4:D28) -> 0 | E29: =SUM(E4:E28) -> 0 | F29: =SUM(F4:F28) -> 0 | G29: =SUM(G4:G28) -> 0 | H29: =SUM(H4:H28) -> 0 | I29: =SUM(I4:I28) -> 0 | ... R29: =SUM(R4:R28) -> 0 | S29: =SUM(B29:R29) -> 0

Sheet 20
A1: EUROPOWER SCADA SAATLİK GES ÜRETİM TABLOSU
A3: SAAT | B3: TR1 | C3: TR2 | D3: TR3 | E3: TR4 | F3: TR5 | G3: TR6 | H3: TR7 | I3: TR8 | J3: TR9 | K3: TR10 | L3: TR11 | M3: TR12 | N3: TR13 | O3: TR14 | P3: TR15 | Q3: TR16 | R3: TR17 | S3: TOPLAM ÜRETİM (kWh) | T3: IŞINIM (w/m2) | U3: PERFORMANS (%)
A4: 0 | S4: =SUM(B4:R4) -> 0
A5: 0.041666667 | S5: =SUM(B5:R5) -> 0
A6: 0.083333333 | S6: =SUM(B6:R6) -> 0
A7: 0.125 | S7: =SUM(B7:R7) -> 0
A8: 0.16666667 | S8: =SUM(B8:R8) -> 0
A9: 0.20833333 | S9: =SUM(B9:R9) -> 0
A10: 0.25 | S10: =SUM(B10:R10) -> 0
A11: 0.29166667 | S11: =SUM(B11:R11) -> 0
A12: 0.33333333 | S12: =SUM(B12:R12) -> 0
A13: 0.375 | S13: =SUM(B13:R13) -> 0
A14: 0.41666667 | S14: =SUM(B14:R14) -> 0
A15: 0.45833333 | S15: =SUM(B15:R15) -> 0
... A28: 0 | S28: =SUM(B28:R28) -> 0
A29: TOPLAM (kWh) | B29: =SUM(B4:B28) -> 0 | C29: =SUM(C4:C28) -> 0 | D29: =SUM(D4:D28) -> 0 | E29: =SUM(E4:E28) -> 0 | F29: =SUM(F4:F28) -> 0 | G29: =SUM(G4:G28) -> 0 | H29: =SUM(H4:H28) -> 0 | I29: =SUM(I4:I28) -> 0 | ... R29: =SUM(R4:R28) -> 0 | S29: =SUM(B29:R29) -> 0

Sheet 21
A1: EUROPOWER SCADA SAATLİK GES ÜRETİM TABLOSU
A3: SAAT | B3: TR1 | C3: TR2 | D3: TR3 | E3: TR4 | F3: TR5 | G3: TR6 | H3: TR7 | I3: TR8 | J3: TR9 | K3: TR10 | L3: TR11 | M3: TR12 | N3: TR13 | O3: TR14 | P3: TR15 | Q3: TR16 | R3: TR17 | S3: TOPLAM ÜRETİM (kWh) | T3: IŞINIM (w/m2) | U3: PERFORMANS (%)
A4: 0 | S4: =SUM(B4:R4) -> 0
A5: 0.041666667 | S5: =SUM(B5:R5) -> 0
A6: 0.083333333 | S6: =SUM(B6:R6) -> 0
A7: 0.125 | S7: =SUM(B7:R7) -> 0
A8: 0.16666667 | S8: =SUM(B8:R8) -> 0
A9: 0.20833333 | S9: =SUM(B9:R9) -> 0
A10: 0.25 | S10: =SUM(B10:R10) -> 0
A11: 0.29166667 | S11: =SUM(B11:R11) -> 0
A12: 0.33333333 | S12: =SUM(B12:R12) -> 0
A13: 0.375 | S13: =SUM(B13:R13) -> 0
A14: 0.41666667 | S14: =SUM(B14:R14) -> 0
A15: 0.45833333 | S15: =SUM(B15:R15) -> 0
... A28: 0 | S28: =SUM(B28:R28) -> 0
A29: TOPLAM (kWh) | B29: =SUM(B4:B28) -> 0 | C29: =SUM(C4:C28) -> 0 | D29: =SUM(D4:D28) -> 0 | E29: =SUM(E4:E28) -> 0 | F29: =SUM(F4:F28) -> 0 | G29: =SUM(G4:G28) -> 0 | H29: =SUM(H4:H28) -> 0 | I29: =SUM(I4:I28) -> 0 | ... R29: =SUM(R4:R28) -> 0 | S29: =SUM(B29:R29) -> 0

Sheet 22
A1: EUROPOWER SCADA SAATLİK GES ÜRETİM TABLOSU
A3: SAAT | B3: TR1 | C3: TR2 | D3: TR3 | E3: TR4 | F3: TR5 | G3: TR6 | H3: TR7 | I3: TR8 | J3: TR9 | K3: TR10 | L3: TR11 | M3: TR12 | N3: TR13 | O3: TR14 | P3: TR15 | Q3: TR16 | R3: TR17 | S3: TOPLAM ÜRETİM (kWh) | T3: IŞINIM (w/m2) | U3: PERFORMANS (%)
A4: 0 | S4: =SUM(B4:R4) -> 0
A5: 0.041666667 | S5: =SUM(B5:R5) -> 0
A6: 0.083333333 | S6: =SUM(B6:R6) -> 0
A7: 0.125 | S7: =SUM(B7:R7) -> 0
A8: 0.16666667 | S8: =SUM(B8:R8) -> 0
A9: 0.20833333 | S9: =SUM(B9:R9) -> 0
A10: 0.25 | S10: =SUM(B10:R10) -> 0
A11: 0.29166667 | S11: =SUM(B11:R11) -> 0
A12: 0.33333333 | S12: =SUM(B12:R12) -> 0
A13: 0.375 | S13: =SUM(B13:R13) -> 0
A14: 0.41666667 | S14: =SUM(B14:R14) -> 0
A15: 0.45833333 | S15: =SUM(B15:R15) -> 0
... A28: 0 | S28: =SUM(B28:R28) -> 0
A29: TOPLAM (kWh) | B29: =SUM(B4:B28) -> 0 | C29: =SUM(C4:C28) -> 0 | D29: =SUM(D4:D28) -> 0 | E29: =SUM(E4:E28) -> 0 | F29: =SUM(F4:F28) -> 0 | G29: =SUM(G4:G28) -> 0 | H29: =SUM(H4:H28) -> 0 | I29: =SUM(I4:I28) -> 0 | ... R29: =SUM(R4:R28) -> 0 | S29: =SUM(B29:R29) -> 0

Sheet 23
A1: EUROPOWER SCADA SAATLİK GES ÜRETİM TABLOSU
A3: SAAT | B3: TR1 | C3: TR2 | D3: TR3 | E3: TR4 | F3: TR5 | G3: TR6 | H3: TR7 | I3: TR8 | J3: TR9 | K3: TR10 | L3: TR11 | M3: TR12 | N3: TR13 | O3: TR14 | P3: TR15 | Q3: TR16 | R3: TR17 | S3: TOPLAM ÜRETİM (kWh) | T3: IŞINIM (w/m2) | U3: PERFORMANS (%)
A4: 0 | S4: =SUM(B4:R4) -> 0
A5: 0.041666667 | S5: =SUM(B5:R5) -> 0
A6: 0.083333333 | S6: =SUM(B6:R6) -> 0
A7: 0.125 | S7: =SUM(B7:R7) -> 0
A8: 0.16666667 | S8: =SUM(B8:R8) -> 0
A9: 0.20833333 | S9: =SUM(B9:R9) -> 0
A10: 0.25 | S10: =SUM(B10:R10) -> 0
A11: 0.29166667 | S11: =SUM(B11:R11) -> 0
A12: 0.33333333 | S12: =SUM(B12:R12) -> 0
A13: 0.375 | S13: =SUM(B13:R13) -> 0
A14: 0.41666667 | S14: =SUM(B14:R14) -> 0
A15: 0.45833333 | S15: =SUM(B15:R15) -> 0
... A28: 0 | S28: =SUM(B28:R28) -> 0
A29: TOPLAM (kWh) | B29: =SUM(B4:B28) -> 0 | C29: =SUM(C4:C28) -> 0 | D29: =SUM(D4:D28) -> 0 | E29: =SUM(E4:E28) -> 0 | F29: =SUM(F4:F28) -> 0 | G29: =SUM(G4:G28) -> 0 | H29: =SUM(H4:H28) -> 0 | I29: =SUM(I4:I28) -> 0 | ... R29: =SUM(R4:R28) -> 0 | S29: =SUM(B29:R29) -> 0

Sheet 24
A1: EUROPOWER SCADA SAATLİK GES ÜRETİM TABLOSU
A3: SAAT | B3: TR1 | C3: TR2 | D3: TR3 | E3: TR4 | F3: TR5 | G3: TR6 | H3: TR7 | I3: TR8 | J3: TR9 | K3: TR10 | L3: TR11 | M3: TR12 | N3: TR13 | O3: TR14 | P3: TR15 | Q3: TR16 | R3: TR17 | S3: TOPLAM ÜRETİM (kWh) | T3: IŞINIM (w/m2) | U3: PERFORMANS (%)
A4: 0 | S4: =SUM(B4:R4) -> 0
A5: 0.041666667 | S5: =SUM(B5:R5) -> 0
A6: 0.083333333 | S6: =SUM(B6:R6) -> 0
A7: 0.125 | S7: =SUM(B7:R7) -> 0
A8: 0.16666667 | S8: =SUM(B8:R8) -> 0
A9: 0.20833333 | S9: =SUM(B9:R9) -> 0
A10: 0.25 | S10: =SUM(B10:R10) -> 0
A11: 0.29166667 | S11: =SUM(B11:R11) -> 0
A12: 0.33333333 | S12: =SUM(B12:R12) -> 0
A13: 0.375 | S13: =SUM(B13:R13) -> 0
A14: 0.41666667 | S14: =SUM(B14:R14) -> 0
A15: 0.45833333 | S15: =SUM(B15:R15) -> 0
... A28: 0 | S28: =SUM(B28:R28) -> 0
A29: TOPLAM (kWh) | B29: =SUM(B4:B28) -> 0 | C29: =SUM(C4:C28) -> 0 | D29: =SUM(D4:D28) -> 0 | E29: =SUM(E4:E28) -> 0 | F29: =SUM(F4:F28) -> 0 | G29: =SUM(G4:G28) -> 0 | H29: =SUM(H4:H28) -> 0 | I29: =SUM(I4:I28) -> 0 | ... R29: =SUM(R4:R28) -> 0 | S29: =SUM(B29:R29) -> 0

Sheet 25
A1: EUROPOWER SCADA SAATLİK GES ÜRETİM TABLOSU
A3: SAAT | B3: TR1 | C3: TR2 | D3: TR3 | E3: TR4 | F3: TR5 | G3: TR6 | H3: TR7 | I3: TR8 | J3: TR9 | K3: TR10 | L3: TR11 | M3: TR12 | N3: TR13 | O3: TR14 | P3: TR15 | Q3: TR16 | R3: TR17 | S3: TOPLAM ÜRETİM (kWh) | T3: IŞINIM (w/m2) | U3: PERFORMANS (%)
A4: 0 | S4: =SUM(B4:R4) -> 0
A5: 0.041666667 | S5: =SUM(B5:R5) -> 0
A6: 0.083333333 | S6: =SUM(B6:R6) -> 0
A7: 0.125 | S7: =SUM(B7:R7) -> 0
A8: 0.16666667 | S8: =SUM(B8:R8) -> 0
A9: 0.20833333 | S9: =SUM(B9:R9) -> 0
A10: 0.25 | S10: =SUM(B10:R10) -> 0
A11: 0.29166667 | S11: =SUM(B11:R11) -> 0
A12: 0.33333333 | S12: =SUM(B12:R12) -> 0
A13: 0.375 | S13: =SUM(B13:R13) -> 0
A14: 0.41666667 | S14: =SUM(B14:R14) -> 0
A15: 0.45833333 | S15: =SUM(B15:R15) -> 0
... A28: 0 | S28: =SUM(B28:R28) -> 0
A29: TOPLAM (kWh) | B29: =SUM(B4:B28) -> 0 | C29: =SUM(C4:C28) -> 0 | D29: =SUM(D4:D28) -> 0 | E29: =SUM(E4:E28) -> 0 | F29: =SUM(F4:F28) -> 0 | G29: =SUM(G4:G28) -> 0 | H29: =SUM(H4:H28) -> 0 | I29: =SUM(I4:I28) -> 0 | ... R29: =SUM(R4:R28) -> 0 | S29: =SUM(B29:R29) -> 0

Sheet 26
A1: EUROPOWER SCADA SAATLİK GES ÜRETİM TABLOSU
A3: SAAT | B3: TR1 | C3: TR2 | D3: TR3 | E3: TR4 | F3: TR5 | G3: TR6 | H3: TR7 | I3: TR8 | J3: TR9 | K3: TR10 | L3: TR11 | M3: TR12 | N3: TR13 | O3: TR14 | P3: TR15 | Q3: TR16 | R3: TR17 | S3: TOPLAM ÜRETİM (kWh) | T3: IŞINIM (w/m2) | U3: PERFORMANS (%)
A4: 0 | S4: =SUM(B4:R4) -> 0
A5: 0.041666667 | S5: =SUM(B5:R5) -> 0
A6: 0.083333333 | S6: =SUM(B6:R6) -> 0
A7: 0.125 | S7: =SUM(B7:R7) -> 0
A8: 0.16666667 | S8: =SUM(B8:R8) -> 0
A9: 0.20833333 | S9: =SUM(B9:R9) -> 0
A10: 0.25 | S10: =SUM(B10:R10) -> 0
A11: 0.29166667 | S11: =SUM(B11:R11) -> 0
A12: 0.33333333 | S12: =SUM(B12:R12) -> 0
A13: 0.375 | S13: =SUM(B13:R13) -> 0
A14: 0.41666667 | S14: =SUM(B14:R14) -> 0
A15: 0.45833333 | S15: =SUM(B15:R15) -> 0
... A28: 0 | S28: =SUM(B28:R28) -> 0
A29: TOPLAM (kWh) | B29: =SUM(B4:B28) -> 0 | C29: =SUM(C4:C28) -> 0 | D29: =SUM(D4:D28) -> 0 | E29: =SUM(E4:E28) -> 0 | F29: =SUM(F4:F28) -> 0 | G29: =SUM(G4:G28) -> 0 | H29: =SUM(H4:H28) -> 0 | I29: =SUM(I4:I28) -> 0 | ... R29: =SUM(R4:R28) -> 0 | S29: =SUM(B29:R29) -> 0

Sheet 27
A1: EUROPOWER SCADA SAATLİK GES ÜRETİM TABLOSU
A3: SAAT | B3: TR1 | C3: TR2 | D3: TR3 | E3: TR4 | F3: TR5 | G3: TR6 | H3: TR7 | I3: TR8 | J3: TR9 | K3: TR10 | L3: TR11 | M3: TR12 | N3: TR13 | O3: TR14 | P3: TR15 | Q3: TR16 | R3: TR17 | S3: TOPLAM ÜRETİM (kWh) | T3: IŞINIM (w/m2) | U3: PERFORMANS (%)
A4: 0 | S4: =SUM(B4:R4) -> 0
A5: 0.041666667 | S5: =SUM(B5:R5) -> 0
A6: 0.083333333 | S6: =SUM(B6:R6) -> 0
A7: 0.125 | S7: =SUM(B7:R7) -> 0
A8: 0.16666667 | S8: =SUM(B8:R8) -> 0
A9: 0.20833333 | S9: =SUM(B9:R9) -> 0
A10: 0.25 | S10: =SUM(B10:R10) -> 0
A11: 0.29166667 | S11: =SUM(B11:R11) -> 0
A12: 0.33333333 | S12: =SUM(B12:R12) -> 0
A13: 0.375 | S13: =SUM(B13:R13) -> 0
A14: 0.41666667 | S14: =SUM(B14:R14) -> 0
A15: 0.45833333 | S15: =SUM(B15:R15) -> 0
... A28: 0 | S28: =SUM(B28:R28) -> 0
A29: TOPLAM (kWh) | B29: =SUM(B4:B28) -> 0 | C29: =SUM(C4:C28) -> 0 | D29: =SUM(D4:D28) -> 0 | E29: =SUM(E4:E28) -> 0 | F29: =SUM(F4:F28) -> 0 | G29: =SUM(G4:G28) -> 0 | H29: =SUM(H4:H28) -> 0 | I29: =SUM(I4:I28) -> 0 | ... R29: =SUM(R4:R28) -> 0 | S29: =SUM(B29:R29) -> 0

Sheet 28
A1: EUROPOWER SCADA SAATLİK GES ÜRETİM TABLOSU
A3: SAAT | B3: TR1 | C3: TR2 | D3: TR3 | E3: TR4 | F3: TR5 | G3: TR6 | H3: TR7 | I3: TR8 | J3: TR9 | K3: TR10 | L3: TR11 | M3: TR12 | N3: TR13 | O3: TR14 | P3: TR15 | Q3: TR16 | R3: TR17 | S3: TOPLAM ÜRETİM (kWh) | T3: IŞINIM (w/m2) | U3: PERFORMANS (%)
A4: 0 | S4: =SUM(B4:R4) -> 0
A5: 0.041666667 | S5: =SUM(B5:R5) -> 0
A6: 0.083333333 | S6: =SUM(B6:R6) -> 0
A7: 0.125 | S7: =SUM(B7:R7) -> 0
A8: 0.16666667 | S8: =SUM(B8:R8) -> 0
A9: 0.20833333 | S9: =SUM(B9:R9) -> 0
A10: 0.25 | S10: =SUM(B10:R10) -> 0
A11: 0.29166667 | S11: =SUM(B11:R11) -> 0
A12: 0.33333333 | S12: =SUM(B12:R12) -> 0
A13: 0.375 | S13: =SUM(B13:R13) -> 0
A14: 0.41666667 | S14: =SUM(B14:R14) -> 0
A15: 0.45833333 | S15: =SUM(B15:R15) -> 0
... A28: 0 | S28: =SUM(B28:R28) -> 0
A29: TOPLAM (kWh) | B29: =SUM(B4:B28) -> 0 | C29: =SUM(C4:C28) -> 0 | D29: =SUM(D4:D28) -> 0 | E29: =SUM(E4:E28) -> 0 | F29: =SUM(F4:F28) -> 0 | G29: =SUM(G4:G28) -> 0 | H29: =SUM(H4:H28) -> 0 | I29: =SUM(I4:I28) -> 0 | ... R29: =SUM(R4:R28) -> 0 | S29: =SUM(B29:R29) -> 0

Sheet 29
A1: EUROPOWER SCADA SAATLİK GES ÜRETİM TABLOSU
A3: SAAT | B3: TR1 | C3: TR2 | D3: TR3 | E3: TR4 | F3: TR5 | G3: TR6 | H3: TR7 | I3: TR8 | J3: TR9 | K3: TR10 | L3: TR11 | M3: TR12 | N3: TR13 | O3: TR14 | P3: TR15 | Q3: TR16 | R3: TR17 | S3: TOPLAM ÜRETİM (kWh) | T3: IŞINIM (w/m2) | U3: PERFORMANS (%)
A4: 0 | S4: =SUM(B4:R4) -> 0
A5: 0.041666667 | S5: =SUM(B5:R5) -> 0
A6: 0.083333333 | S6: =SUM(B6:R6) -> 0
A7: 0.125 | S7: =SUM(B7:R7) -> 0
A8: 0.16666667 | S8: =SUM(B8:R8) -> 0
A9: 0.20833333 | S9: =SUM(B9:R9) -> 0
A10: 0.25 | S10: =SUM(B10:R10) -> 0
A11: 0.29166667 | S11: =SUM(B11:R11) -> 0
A12: 0.33333333 | S12: =SUM(B12:R12) -> 0
A13: 0.375 | S13: =SUM(B13:R13) -> 0
A14: 0.41666667 | S14: =SUM(B14:R14) -> 0
A15: 0.45833333 | S15: =SUM(B15:R15) -> 0
... A28: 0 | S28: =SUM(B28:R28) -> 0
A29: TOPLAM (kWh) | B29: =SUM(B4:B28) -> 0 | C29: =SUM(C4:C28) -> 0 | D29: =SUM(D4:D28) -> 0 | E29: =SUM(E4:E28) -> 0 | F29: =SUM(F4:F28) -> 0 | G29: =SUM(G4:G28) -> 0 | H29: =SUM(H4:H28) -> 0 | I29: =SUM(I4:I28) -> 0 | ... R29: =SUM(R4:R28) -> 0 | S29: =SUM(B29:R29) -> 0

Sheet 30
A1: EUROPOWER SCADA SAATLİK GES ÜRETİM TABLOSU
A3: SAAT | B3: TR1 | C3: TR2 | D3: TR3 | E3: TR4 | F3: TR5 | G3: TR6 | H3: TR7 | I3: TR8 | J3: TR9 | K3: TR10 | L3: TR11 | M3: TR12 | N3: TR13 | O3: TR14 | P3: TR15 | Q3: TR16 | R3: TR17 | S3: TOPLAM ÜRETİM (kWh) | T3: IŞINIM (w/m2) | U3: PERFORMANS (%)
A4: 0 | S4: =SUM(B4:R4) -> 0
A5: 0.041666667 | S5: =SUM(B5:R5) -> 0
A6: 0.083333333 | S6: =SUM(B6:R6) -> 0
A7: 0.125 | S7: =SUM(B7:R7) -> 0
A8: 0.16666667 | S8: =SUM(B8:R8) -> 0
A9: 0.20833333 | S9: =SUM(B9:R9) -> 0
A10: 0.25 | S10: =SUM(B10:R10) -> 0
A11: 0.29166667 | S11: =SUM(B11:R11) -> 0
A12: 0.33333333 | S12: =SUM(B12:R12) -> 0
A13: 0.375 | S13: =SUM(B13:R13) -> 0
A14: 0.41666667 | S14: =SUM(B14:R14) -> 0
A15: 0.45833333 | S15: =SUM(B15:R15) -> 0
... A28: 0 | S28: =SUM(B28:R28) -> 0
A29: TOPLAM (kWh) | B29: =SUM(B4:B28) -> 0 | C29: =SUM(C4:C28) -> 0 | D29: =SUM(D4:D28) -> 0 | E29: =SUM(E4:E28) -> 0 | F29: =SUM(F4:F28) -> 0 | G29: =SUM(G4:G28) -> 0 | H29: =SUM(H4:H28) -> 0 | I29: =SUM(I4:I28) -> 0 | ... R29: =SUM(R4:R28) -> 0 | S29: =SUM(B29:R29) -> 0

Sheet Aylık Toplam
A1: EUROPOWER SCADA AYLIK GES ÜRETİM TABLOSU
A3: TARİH | B3: TR1 | C3: TR2 | D3: TR3 | E3: TR4 | F3: TR5 | G3: TR6 | H3: TR7 | I3: TR8 | J3: TR9 | K3: TR10 | L3: TR11 | M3: TR12 | N3: TR13 | O3: TR14 | P3: TR15 | Q3: TR16 | R3: TR17 | S3: TOPLAM ÜRETİM (kWh)
A4: 1.04.2025 | B4: =('01'!B29) -> 4252.5 | C4: =('01'!C29) -> 3965.9 | D4: =('01'!D29) -> 3860.9 | E4: =('01'!E29) -> 4159.9 | F4: =('01'!F29) -> 3300.4 | G4: =('01'!G29) -> 4511.5 | H4: =('01'!H29) -> 3890.8 | I4: =('01'!I29) -> 4149.1 | ... R4: =('01'!R29) -> 3841.4 | S4: =SUM(B4:R4) -> 66744.3
A5: 2.04.2025 | B5: =('02'!B29) -> 0 | C5: =('02'!C29) -> 0 | D5: =('02'!D29) -> 0 | E5: =('02'!E29) -> 0 | F5: =('02'!F29) -> 0 | G5: =('02'!G29) -> 0 | H5: =('02'!H29) -> 0 | I5: =('02'!I29) -> 0 | ... R5: =('02'!R29) -> 0 | S5: =SUM(B5:R5) -> 0
A6: 3.04.2025 | B6: =('03'!B29) -> 0 | C6: =('03'!C29) -> 0 | D6: =('03'!D29) -> 0 | E6: =('03'!E29) -> 0 | F6: =('03'!F29) -> 0 | G6: =('03'!G29) -> 0 | H6: =('03'!H29) -> 0 | I6: =('03'!I29) -> 0 | ... R6: =('03'!R29) -> 0 | S6: =SUM(B6:R6) -> 0
A7: 4.04.2025 | B7: =('04'!B29) -> 0 | C7: =('04'!C29) -> 0 | D7: =('04'!D29) -> 0 | E7: =('04'!E29) -> 0 | F7: =('04'!F29) -> 0 | G7: =('04'!G29) -> 0 | H7: =('04'!H29) -> 0 | I7: =('04'!I29) -> 0 | ... R7: =('04'!R29) -> 0 | S7: =SUM(B7:R7) -> 0
A8: 5.04.2025 | B8: =('05'!B29) -> 0 | C8: =('05'!C29) -> 0 | D8: =('05'!D29) -> 0 | E8: =('05'!E29) -> 0 | F8: =('05'!F29) -> 0 | G8: =('05'!G29) -> 0 | H8: =('05'!H29) -> 0 | I8: =('05'!I29) -> 0 | ... R8: =('05'!R29) -> 0 | S8: =SUM(B8:R8) -> 0
A9: 6.04.2025 | B9: =('06'!B29) -> 0 | C9: =('06'!C29) -> 0 | D9: =('06'!D29) -> 0 | E9: =('06'!E29) -> 0 | F9: =('06'!F29) -> 0 | G9: =('06'!G29) -> 0 | H9: =('06'!H29) -> 0 | I9: =('06'!I29) -> 0 | ... R9: =('06'!R29) -> 0 | S9: =SUM(B9:R9) -> 0
A10: 7.04.2025 | B10: =('07'!B29) -> 0 | C10: =('07'!C29) -> 0 | D10: =('07'!D29) -> 0 | E10: =('07'!E29) -> 0 | F10: =('07'!F29) -> 0 | G10: =('07'!G29) -> 0 | H10: =('07'!H29) -> 0 | I10: =('07'!I29) -> 0 | ... R10: =('07'!R29) -> 0 | S10: =SUM(B10:R10) -> 0
A11: 8.04.2025 | B11: =('08'!B29) -> 0 | C11: =('08'!C29) -> 0 | D11: =('08'!D29) -> 0 | E11: =('08'!E29) -> 0 | F11: =('08'!F29) -> 0 | G11: =('08'!G29) -> 0 | H11: =('08'!H29) -> 0 | I11: =('08'!I29) -> 0 | ... R11: =('08'!R29) -> 0 | S11: =SUM(B11:R11) -> 0
A12: 9.04.2025 | B12: =('09'!B29) -> 0 | C12: =('09'!C29) -> 0 | D12: =('09'!D29) -> 0 | E12: =('09'!E29) -> 0 | F12: =('09'!F29) -> 0 | G12: =('09'!G29) -> 0 | H12: =('09'!H29) -> 0 | I12: =('09'!I29) -> 0 | ... R12: =('09'!R29) -> 0 | S12: =SUM(B12:R12) -> 0
A13: 10.04.2025 | B13: =('10'!B29) -> 0 | C13: =('10'!C29) -> 0 | D13: =('10'!D29) -> 0 | E13: =('10'!E29) -> 0 | F13: =('10'!F29) -> 0 | G13: =('10'!G29) -> 0 | H13: =('10'!H29) -> 0 | I13: =('10'!I29) -> 0 | ... R13: =('10'!R29) -> 0 | S13: =SUM(B13:R13) -> 0
A14: 11.04.2025 | B14: =('11'!B29) -> 0 | C14: =('11'!C29) -> 0 | D14: =('11'!D29) -> 0 | E14: =('11'!E29) -> 0 | F14: =('11'!F29) -> 0 | G14: =('11'!G29) -> 0 | H14: =('11'!H29) -> 0 | I14: =('11'!I29) -> 0 | ... R14: =('11'!R29) -> 0 | S14: =SUM(B14:R14) -> 0
A15: 12.04.2025 | B15: =('12'!B29) -> 0 | C15: =('12'!C29) -> 0 | D15: =('12'!D29) -> 0 | E15: =('12'!E29) -> 0 | F15: =('12'!F29) -> 0 | G15: =('12'!G29) -> 0 | H15: =('12'!H29) -> 0 | I15: =('12'!I29) -> 0 | ... R15: =('12'!R29) -> 0 | S15: =SUM(B15:R15) -> 0
A16: 13.04.2025 | B16: =('13'!B29) -> 0 | C16: =('13'!C29) -> 0 | D16: =('13'!D29) -> 0 | E16: =('13'!E29) -> 0 | F16: =('13'!F29) -> 0 | G16: =('13'!G29) -> 0 | H16: =('13'!H29) -> 0 | I16: =('13'!I29) -> 0 | ... R16: =('13'!R29) -> 0 | S16: =SUM(B16:R16) -> 0
A17: 14.04.2025 | B17: =('14'!B29) -> 0 | C17: =('14'!C29) -> 0 | D17: =('14'!D29) -> 0 | E17: =('14'!E29) -> 0 | F17: =('14'!F29) -> 0 | G17: =('14'!G29) -> 0 | H17: =('14'!H29) -> 0 | I17: =('14'!I29) -> 0 | ... R17: =('14'!R29) -> 0 | S17: =SUM(B17:R17) -> 0
A18: 15.04.2025 | B18: =('15'!B29) -> 0 | C18: =('15'!C29) -> 0 | D18: =('15'!D29) -> 0 | E18: =('15'!E29) -> 0 | F18: =('15'!F29) -> 0 | G18: =('15'!G29) -> 0 | H18: =('15'!H29) -> 0 | I18: =('15'!I29) -> 0 | ... R18: =('15'!R29) -> 0 | S18: =SUM(B18:R18) -> 0
A19: 16.04.2025 | B19: =('16'!B29) -> 0 | C19: =('16'!C29) -> 0 | D19: =('16'!D29) -> 0 | E19: =('16'!E29) -> 0 | F19: =('16'!F29) -> 0 | G19: =('16'!G29) -> 0 | H19: =('16'!H29) -> 0 | I19: =('16'!I29) -> 0 | ... R19: =('16'!R29) -> 0 | S19: =SUM(B19:R19) -> 0
A20: 17.04.2025 | B20: =('17'!B29) -> 0 | C20: =('17'!C29) -> 0 | D20: =('17'!D29) -> 0 | E20: =('17'!E29) -> 0 | F20: =('17'!F29) -> 0 | G20: =('17'!G29) -> 0 | H20: =('17'!H29) -> 0 | I20: =('17'!I29) -> 0 | ... R20: =('17'!R29) -> 0 | S20: =SUM(B20:R20) -> 0
A21: 18.04.2025 | B21: =('18'!B29) -> 0 | C21: =('18'!C29) -> 0 | D21: =('18'!D29) -> 0 | E21: =('18'!E29) -> 0 | F21: =('18'!F29) -> 0 | G21: =('18'!G29) -> 0 | H21: =('18'!H29) -> 0 | I21: =('18'!I29) -> 0 | ... R21: =('18'!R29) -> 0 | S21: =SUM(B21:R21) -> 0
A22: 19.04.2025 | B22: =('19'!B29) -> 0 | C22: =('19'!C29) -> 0 | D22: =('19'!D29) -> 0 | E22: =('19'!E29) -> 0 | F22: =('19'!F29) -> 0 | G22: =('19'!G29) -> 0 | H22: =('19'!H29) -> 0 | I22: =('19'!I29) -> 0 | ... R22: =('19'!R29) -> 0 | S22: =SUM(B22:R22) -> 0
A23: 20.04.2025 | B23: =('20'!B29) -> 0 | C23: =('20'!C29) -> 0 | D23: =('20'!D29) -> 0 | E23: =('20'!E29) -> 0 | F23: =('20'!F29) -> 0 | G23: =('20'!G29) -> 0 | H23: =('20'!H29) -> 0 | I23: =('20'!I29) -> 0 | ... R23: =('20'!R29) -> 0 | S23: =SUM(B23:R23) -> 0
A24: 21.04.2025 | B24: =('21'!B29) -> 0 | C24: =('21'!C29) -> 0 | D24: =('21'!D29) -> 0 | E24: =('21'!E29) -> 0 | F24: =('21'!F29) -> 0 | G24: =('21'!G29) -> 0 | H24: =('21'!H29) -> 0 | I24: =('21'!I29) -> 0 | ... R24: =('21'!R29) -> 0 | S24: =SUM(B24:R24) -> 0
A25: 22.04.2025 | B25: =('22'!B29) -> 0 | C25: =('22'!C29) -> 0 | D25: =('22'!D29) -> 0 | E25: =('22'!E29) -> 0 | F25: =('22'!F29) -> 0 | G25: =('22'!G29) -> 0 | H25: =('22'!H29) -> 0 | I25: =('22'!I29) -> 0 | ... R25: =('22'!R29) -> 0 | S25: =SUM(B25:R25) -> 0
A26: 23.04.2025 | B26: =('23'!B29) -> 0 | C26: =('23'!C29) -> 0 | D26: =('23'!D29) -> 0 | E26: =('23'!E29) -> 0 | F26: =('23'!F29) -> 0 | G26: =('23'!G29) -> 0 | H26: =('23'!H29) -> 0 | I26: =('23'!I29) -> 0 | ... R26: =('23'!R29) -> 0 | S26: =SUM(B26:R26) -> 0
A27: 24.04.2025 | B27: =('24'!B29) -> 0 | C27: =('24'!C29) -> 0 | D27: =('24'!D29) -> 0 | E27: =('24'!E29) -> 0 | F27: =('24'!F29) -> 0 | G27: =('24'!G29) -> 0 | H27: =('24'!H29) -> 0 | I27: =('24'!I29) -> 0 | ... R27: =('24'!R29) -> 0 | S27: =SUM(B27:R27) -> 0
A28: 25.04.2025 | B28: =('25'!B29) -> 0 | C28: =('25'!C29) -> 0 | D28: =('25'!D29) -> 0 | E28: =('25'!E29) -> 0 | F28: =('25'!F29) -> 0 | G28: =('25'!G29) -> 0 | H28: =('25'!H29) -> 0 | I28: =('25'!I29) -> 0 | ... R28: =('25'!R29) -> 0 | S28: =SUM(B28:R28) -> 0
A29: 26.04.2025 | B29: =('26'!B29) -> 0 | C29: =('26'!C29) -> 0 | D29: =('26'!D29) -> 0 | E29: =('26'!E29) -> 0 | F29: =('26'!F29) -> 0 | G29: =('26'!G29) -> 0 | H29: =('26'!H29) -> 0 | I29: =('26'!I29) -> 0 | ... R29: =('26'!R29) -> 0 | S29: =SUM(B29:R29) -> 0
A30: 27.04.2025 | B30: =('27'!B29) -> 0 | C30: =('27'!C29) -> 0 | D30: =('27'!D29) -> 0 | E30: =('27'!E29) -> 0 | F30: =('27'!F29) -> 0 | G30: =('27'!G29) -> 0 | H30: =('27'!H29) -> 0 | I30: =('27'!I29) -> 0 | ... R30: =('27'!R29) -> 0 | S30: =SUM(B30:R30) -> 0
A31: 28.04.2025 | B31: =('28'!B29) -> 0 | C31: =('28'!C29) -> 0 | D31: =('28'!D29) -> 0 | E31: =('28'!E29) -> 0 | F31: =('28'!F29) -> 0 | G31: =('28'!G29) -> 0 | H31: =('28'!H29) -> 0 | I31: =('28'!I29) -> 0 | ... R31: =('28'!R29) -> 0 | S31: =SUM(B31:R31) -> 0
A32: 29.04.2025 | B32: =('29'!B29) -> 0 | C32: =('29'!C29) -> 0 | D32: =('29'!D29) -> 0 | E32: =('29'!E29) -> 0 | F32: =('29'!F29) -> 0 | G32: =('29'!G29) -> 0 | H32: =('29'!H29) -> 0 | I32: =('29'!I29) -> 0 | ... R32: =('29'!R29) -> 0 | S32: =SUM(B32:R32) -> 0
A33: 30.04.2025 | B33: =('30'!B29) -> 0 | C33: =('30'!C29) -> 0 | D33: =('30'!D29) -> 0 | E33: =('30'!E29) -> 0 | F33: =('30'!F29) -> 0 | G33: =('30'!G29) -> 0 | H33: =('30'!H29) -> 0 | I33: =('30'!I29) -> 0 | ... R33: =('30'!R29) -> 0 | S33: =SUM(B33:R33) -> 0
S34: =SUM(B34:R34) -> 0
A35: TOPLAM (kWh) | B35: =SUM(B4:B34) -> 4252.5 | C35: =SUM(C4:C34) -> 3965.9 | D35: =SUM(D4:D34) -> 3860.9 | E35: =SUM(E4:E34) -> 4159.9 | F35: =SUM(F4:F34) -> 3300.4 | G35: =SUM(G4:G34) -> 4511.5 | H35: =SUM(H4:H34) -> 3890.8 | I35: =SUM(I4:I34) -> 4149.1 | ... R35: =SUM(R4:R34) -> 3841.4 | S35: =SUM(B35:R35) -> 66744.3
